keyword,source,approx_traffic
기준금리 전망,seed_finance,0
원달러 환율 전망,seed_finance,0
소비자물가 상승률,seed_finance,0
전기요금 절약 방법,seed_finance,0
대출 금리 비교,seed_finance,0
예금 금리 비교,seed_finance,0
신용카드 혜택 비교,seed_finance,0
자동차보험료 절약,seed_finance,0
연말정산 환급 방법,seed_finance,0
종합소득세 신고 방법,seed_finance,0
코스피 전망,seed_finance,0
ETF 투자 방법,seed_finance,0
공모주 청약 일정,seed_finance,0
배당주 투자 포인트,seed_finance,0
삼성전자 실적 전망,seed_finance,0
SK하이닉스 실적 전망,seed_finance,0
부동산 청약 일정,seed_finance,0
전세대출 갈아타기,seed_finance,0
주택담보대출 금리,seed_finance,0
소상공인 지원금 정리,seed_finance,0
근로장려금 신청 방법,seed_finance,0
국민연금 보험료,seed_finance,0
건강보험료 정산,seed_finance,0
최저임금 인상 영향,seed_finance,0
